song_id,arousal,valence
1_0,0.43771875000000005,0.5603124999999999
1_1,0.44300625000000005,0.5600562499999999
1_2,0.4481125,0.5662249999999999
1_3,0.4513875,0.5737187499999998
1_4,0.43910625,0.58605625
1_5,0.43650625,0.5973187499999999
1_6,0.43689374999999997,0.6039499999999999
1_7,0.43567500000000003,0.6056062499999999
1_8,0.43745,0.5958812499999999
1_9,0.4362749999999999,0.59499375
1_10,0.42345,0.5948875
1_11,0.41766875000000003,0.5923249999999999
1_12,0.41117499999999996,0.59355625
1_13,0.41433749999999997,0.5966
1_14,0.4152875,0.595675
1_15,0.411725,0.589675
1_16,0.41428125,0.581225
4_0,0.2924375,0.3339
4_1,0.29065624999999995,0.3355625
4_2,0.318775,0.32755625
4_3,0.31388750000000004,0.29138125000000004
4_4,0.29083125,0.27466250000000003
4_5,0.30465,0.2737125
4_6,0.28593750000000007,0.279925
4_7,0.2874375,0.2839875
4_8,0.29533124999999993,0.293375
4_9,0.2873875,0.29193125
4_10,0.2794875,0.28495625
4_11,0.2800375,0.27771875
4_12,0.282825,0.2768875
5_0,0.23123125,0.28809375
5_1,0.22576875000000002,0.27581249999999996
5_2,0.20950625,0.27754375
5_3,0.20583125000000002,0.26937500000000003
5_4,0.1976125,0.2674375
5_5,0.203,0.27394375000000004
5_6,0.20455,0.26643125
5_7,0.208175,0.2764875000000001
5_8,0.20478125000000003,0.27654999999999996
5_9,0.20188125,0.27271875
5_10,0.20971875,0.2651562500000001
5_11,0.2019,0.2561062500000001
5_12,0.20788125000000002,0.25661250000000013
5_13,0.20444374999999998,0.2467125
5_14,0.2081625,0.24038125
5_15,0.2093875,0.24432500000000001
5_16,0.2059375,0.2462875
5_17,0.20526250000000001,0.25333750000000005
5_18,0.1968375,0.24351249999999997
5_19,0.19973125,0.24684375000000003
5_20,0.1930625,0.24339375
5_21,0.19026874999999993,0.24828125
5_22,0.18693125,0.25154999999999994
5_23,0.1837125,0.24660625
5_24,0.19484374999999998,0.2523875
5_25,0.18377500000000002,0.24965625000000002
5_26,0.18433750000000004,0.25088125
5_27,0.18665625,0.2541
5_28,0.1821,0.24700624999999998
5_29,0.185225,0.2522375
5_30,0.18005625,0.24710625000000006
5_31,0.18772499999999998,0.246275
5_32,0.189,0.24051250000000002
5_33,0.19083125,0.23535
5_34,0.19249375,0.2299
5_35,0.19205625,0.22116249999999998
5_36,0.19449375,0.22961874999999995
5_37,0.18500624999999998,0.22121874999999996
5_38,0.18772499999999998,0.22677499999999995
5_39,0.18529374999999998,0.22149375
5_40,0.18346875,0.218275
5_41,0.1926875,0.21806249999999994
5_42,0.18690625,0.216675
5_43,0.18990625,0.22273124999999994
5_44,0.18484375,0.21917499999999995
5_45,0.1872375,0.21689375
5_46,0.18911875,0.21916249999999993
5_47,0.18156875,0.21590624999999997
5_48,0.1836125,0.2195187499999999
5_49,0.17417500000000002,0.2127437499999999
5_50,0.1736125,0.20345
5_51,0.16949999999999998,0.20150625
5_52,0.167225,0.19733125
5_53,0.17454999999999998,0.19693125
5_54,0.177,0.19828125000000002
5_55,0.17849375,0.20005625
5_56,0.17298750000000002,0.19622499999999996
5_57,0.16999375,0.19515625
5_58,0.17017500000000002,0.19671875
5_59,0.16950625,0.19054375
5_60,0.15850625000000002,0.195325
5_61,0.15800625000000001,0.1923875
5_62,0.15955,0.19461875
5_63,0.156775,0.18881874999999998
5_64,0.15973125,0.18249375
5_65,0.15023124999999998,0.18549375
5_66,0.15545,0.18045
5_67,0.1500625,0.18089374999999996
5_68,0.1516125,0.18006250000000001
6_0,0.5481312500000002,0.3849312500000001
6_1,0.56011875,0.3811562500000001
6_2,0.54658125,0.37788125
6_3,0.5357625000000001,0.38254375
6_4,0.55068125,0.36416875
6_5,0.5364062500000001,0.35545000000000004
6_6,0.5443437500000001,0.354775
6_7,0.5468875000000001,0.3461625
6_8,0.52971875,0.35460625
6_9,0.5377187500000001,0.35255624999999996
6_10,0.5220625000000001,0.3429375
6_11,0.5046687500000001,0.32720625
6_12,0.48578125000000016,0.33160625
6_13,0.5027312500000001,0.3550875
7_0,0.7083187499999999,0.70695
7_1,0.7134375000000001,0.7128999999999999
7_2,0.7253875000000001,0.7207749999999998
7_3,0.7235625000000001,0.7411687499999999
7_4,0.73321875,0.7403312499999999
7_5,0.7277875,0.7445875
7_6,0.738225,0.7476
7_7,0.74156875,0.7568374999999998
7_8,0.7328875000000001,0.7513875
7_9,0.74311875,0.75144375
7_10,0.7312062500000001,0.740725
7_11,0.7318187500000001,0.7435062499999999
7_12,0.73955,0.74655625
7_13,0.73999375,0.74629375
8_0,0.39578749999999996,0.24078124999999995
8_1,0.41993749999999996,0.23761874999999993
8_2,0.41660624999999996,0.2515062499999999
8_3,0.40005,0.25055
8_4,0.41033125,0.26045625
8_5,0.37399375,0.2612312499999999
8_6,0.37976875000000004,0.26374375
8_7,0.3896625,0.25950625000000005
8_8,0.38294375,0.27588749999999995
8_9,0.40232499999999993,0.2605375
8_10,0.39134375000000005,0.2408875
8_11,0.39278749999999996,0.25505625
8_12,0.41490625000000003,0.26579374999999994
8_13,0.40617500000000006,0.2460124999999999
8_14,0.417725,0.24306875
8_15,0.41649999999999987,0.25006875
8_16,0.41705000000000003,0.24439375000000002
8_17,0.43026875,0.23600625
8_18,0.43755625,0.22001249999999994
8_19,0.4239375000000001,0.22967500000000002
8_20,0.4191250000000001,0.2308
8_21,0.41221250000000004,0.2335125
8_22,0.419675,0.23841875
8_23,0.4201625000000001,0.24407499999999996
8_24,0.4266125,0.24122499999999997
9_0,0.4692625,0.2938812500000001
9_1,0.46399375,0.29055624999999996
9_2,0.46965625000000005,0.29833125000000005
9_3,0.4778375,0.28993125
9_4,0.47290000000000004,0.2859375000000001
9_5,0.4512812500000001,0.2822312500000001
9_6,0.44189375,0.280825
9_7,0.4328875,0.27988124999999997
10_0,0.45921875000000006,0.42983125000000005
10_1,0.47666250000000004,0.436875
10_2,0.4741000000000001,0.44110000000000005
10_3,0.4687125,0.45428750000000007
10_4,0.47488125000000003,0.44934374999999993
10_5,0.47065625000000005,0.4383312499999999
10_6,0.45593750000000005,0.44567500000000004
10_7,0.4606625,0.44100625000000004
10_8,0.4638250000000001,0.45516875
10_9,0.464275,0.45284375000000004
10_10,0.45578125,0.4325625
10_11,0.44289375,0.44266249999999996
10_12,0.44583125,0.44462500000000005
10_13,0.4533250000000001,0.42746249999999997
10_14,0.45615,0.4382187500000001
10_15,0.45382500000000003,0.43595625000000005
10_16,0.46443750000000006,0.438225
12_0,0.71433125,0.6121124999999998
12_1,0.7162249999999999,0.6069499999999999
12_2,0.7311187499999998,0.6097812499999999
12_3,0.7132812499999999,0.6122812499999999
12_4,0.7219499999999999,0.6133249999999999
12_5,0.7090624999999999,0.6183375
12_6,0.70131875,0.6000374999999999
12_7,0.6962249999999999,0.6066624999999999
12_8,0.7263875,0.6134562499999998
12_9,0.693325,0.5983937500000001
12_10,0.6891687499999999,0.6025625
12_11,0.6769499999999999,0.61349375
13_0,0.8137812499999999,0.6135625
13_1,0.8108875,0.60889375
13_2,0.8113874999999999,0.60916875
13_3,0.8115937499999999,0.6090125000000001
13_4,0.8081625000000001,0.6108437500000001
13_5,0.8194937500000001,0.6131625
13_6,0.8342124999999999,0.6148125
13_7,0.8285625000000001,0.61916875
13_8,0.8300562499999999,0.6267875
13_9,0.8365562499999999,0.63673125
13_10,0.8418875000000001,0.6443875000000001
13_11,0.83794375,0.6469437499999999
13_12,0.8307374999999999,0.63984375
13_13,0.82649375,0.6336249999999999
13_14,0.8367312499999999,0.62450625
13_15,0.8314562499999999,0.6203937500000001
13_16,0.83171875,0.62328125
13_17,0.8247312499999999,0.62476875
14_0,0.5699562499999999,0.558275
14_1,0.541325,0.5611250000000001
14_2,0.547375,0.57638125
14_3,0.6101062499999999,0.6059937499999999
14_4,0.62415,0.6047125
14_5,0.5920374999999999,0.6079999999999999
14_6,0.57543125,0.60571875
14_7,0.5835625,0.6055624999999999
14_8,0.5543312499999999,0.59071875
14_9,0.57583125,0.6028249999999999
14_10,0.5603812499999999,0.6016625
15_0,0.6770562499999999,0.71055
15_1,0.6774499999999999,0.6869562499999999
15_2,0.6689937499999999,0.7128375
15_3,0.6683937499999999,0.70800625
15_4,0.6617249999999999,0.72555
15_5,0.65226875,0.64205
15_6,0.6426062499999999,0.6906000000000001
15_7,0.6403312499999999,0.695725
15_8,0.6203312499999999,0.6950437500000001
15_9,0.61578125,0.6716125000000001
15_10,0.61900625,0.6603874999999999
15_11,0.6346624999999999,0.65390625
15_12,0.616,0.69250625
15_13,0.6242687499999999,0.6794375000000001
15_14,0.6281124999999999,0.6720625
15_15,0.6088812499999999,0.66470625
15_16,0.59576875,0.6661125000000001
15_17,0.616875,0.6741125000000001
15_18,0.62415625,0.6905937499999999
15_19,0.6236562499999998,0.68116875
15_20,0.6506687499999999,0.6815375
15_21,0.6336250000000001,0.6774312499999999
16_0,0.6125625000000001,0.5952187499999999
16_1,0.61394375,0.5940062499999998
16_2,0.6113937500000002,0.5952749999999999
16_3,0.6016187500000001,0.5961062500000001
16_4,0.59349375,0.60005
16_5,0.59265625,0.6042749999999999
16_6,0.608825,0.597725
16_7,0.610225,0.60199375
16_8,0.61155625,0.5944437499999999
16_9,0.6026687500000001,0.59178125
16_10,0.59173125,0.59783125
16_11,0.5907250000000001,0.6023875000000001
16_12,0.58794375,0.5975625
16_13,0.58783125,0.58089375
16_14,0.5909875,0.5763875
16_15,0.5902687500000001,0.5780624999999999
16_16,0.5863812500000001,0.5836812499999999
16_17,0.58059375,0.57963125
16_18,0.5653875,0.5715
16_19,0.5471062499999999,0.56633125
16_20,0.5582750000000001,0.5540375
16_21,0.5651000000000002,0.5568312499999999
16_22,0.5569937500000001,0.5586625
16_23,0.54805625,0.5605
16_24,0.54400625,0.5620062499999999
16_25,0.54161875,0.56799375
16_26,0.53816875,0.5614937499999999
16_27,0.5441687499999999,0.5544374999999999
16_28,0.5445,0.5573250000000001
16_29,0.537175,0.5487124999999999
16_30,0.5319,0.5548875
16_31,0.52505625,0.55
16_32,0.51744375,0.5498812500000001
16_33,0.51359375,0.5497749999999999
16_34,0.51776875,0.548275
16_35,0.5121625000000001,0.5450062499999999
17_0,0.8281187500000001,0.7053937499999999
17_1,0.8332187500000001,0.70961875
17_2,0.8380500000000002,0.70806875
17_3,0.8497187500000001,0.7134687499999999
17_4,0.8411187500000001,0.7069000000000001
17_5,0.8535125000000001,0.68494375
17_6,0.8432187500000001,0.6892875
17_7,0.84973125,0.7014
17_8,0.849675,0.70668125
17_9,0.8420687500000001,0.71255625
17_10,0.8491125000000002,0.7046124999999999
17_11,0.8418937500000001,0.7003375000000001
17_12,0.84460625,0.6963937499999999
17_13,0.8609437500000001,0.6934562499999999
17_14,0.8746,0.69329375
17_15,0.8564875000000001,0.694
17_16,0.83620625,0.6976187500000001
17_17,0.84738125,0.6986125000000001
17_18,0.85049375,0.70205625
17_19,0.8661500000000002,0.71
17_20,0.8745937500000001,0.7167187500000001
17_21,0.85749375,0.7190624999999999
17_22,0.8340500000000001,0.7124500000000001
17_23,0.84221875,0.70994375
17_24,0.8457125000000001,0.7125
17_25,0.8466062500000001,0.7074375
17_26,0.8409437500000001,0.6978312500000001
17_27,0.8473375000000002,0.68790625
17_28,0.8421125000000002,0.684
17_29,0.8454000000000002,0.6707812500000001
17_30,0.8426750000000001,0.65455
17_31,0.8436125000000001,0.66754375
17_32,0.8314875000000002,0.66255
17_33,0.8363187500000002,0.6651125
17_34,0.8410375000000001,0.6667875000000001
17_35,0.8334875,0.6646124999999998
17_36,0.8242250000000002,0.6562312499999998
17_37,0.8073375000000002,0.6473374999999999
18_0,0.8171187500000002,0.83949375
18_1,0.8148312500000003,0.8403937499999999
18_2,0.8208812500000002,0.8476000000000001
18_3,0.8173937500000004,0.8460125
18_4,0.8224375000000002,0.8453375
18_5,0.8254875000000002,0.8448875
18_6,0.8356625000000002,0.8393375
18_7,0.8317687500000002,0.8352062499999999
18_8,0.8200437500000002,0.8396250000000001
18_9,0.8172687500000002,0.83956875
18_10,0.8164312500000002,0.83455625
18_11,0.8056625000000002,0.8481062500000001
18_12,0.8143937500000001,0.83633125
18_13,0.8234312500000002,0.8305562500000001
18_14,0.8180062500000003,0.835825
18_15,0.8129937500000002,0.8438812500000001
18_16,0.8166625000000001,0.841275
18_17,0.7984312500000003,0.84384375
18_18,0.8086000000000001,0.8536125000000001
18_19,0.8155125000000002,0.84526875
18_20,0.8159312500000002,0.8558187500000001
18_21,0.8214875000000001,0.8606624999999999
18_22,0.8211125000000004,0.84400625
18_23,0.8044437500000001,0.847175
18_24,0.8173687500000002,0.8582812500000001
18_25,0.8266125000000002,0.8661124999999998
18_26,0.8262125000000002,0.8632625
18_27,0.8262312500000001,0.85984375
18_28,0.8338875000000002,0.8646875
18_29,0.8238312500000002,0.8620187500000001
18_30,0.8019375000000002,0.8603937500000001
18_31,0.8166125000000002,0.8685562499999999
18_32,0.8208937500000002,0.8687875
18_33,0.8195062500000001,0.8689
18_34,0.8138375000000002,0.85868125
18_35,0.8212625000000002,0.8611875
18_36,0.8070562500000001,0.8441812500000001
19_0,0.7946249999999999,0.7319312499999999
19_1,0.8017187499999999,0.7224375
19_2,0.7893375,0.7303375
19_3,0.7797875000000001,0.7456125
19_4,0.78660625,0.7510187499999998
19_5,0.80066875,0.75884375
19_6,0.79078125,0.75685
19_7,0.7777812499999999,0.7572875000000001
19_8,0.7769374999999998,0.7524062499999999
19_9,0.77788125,0.7616625
19_10,0.7797062499999999,0.75738125
19_11,0.7690999999999999,0.772
19_12,0.7745437499999999,0.7617250000000001
19_13,0.7677312499999999,0.7552937500000001
19_14,0.7685562499999999,0.7607937499999999
19_15,0.77466875,0.76234375
19_16,0.7635687499999999,0.7612937500000001
19_17,0.76945,0.7585625
19_18,0.761775,0.7608874999999999
19_19,0.7636624999999999,0.7698062500000002
19_20,0.7644437499999999,0.76371875
19_21,0.762925,0.75731875
19_22,0.7663374999999999,0.7528250000000001
19_23,0.7536625,0.7520437499999999
19_24,0.7490999999999999,0.7503375000000001
19_25,0.7774999999999999,0.7507750000000001
19_26,0.7715562499999999,0.7431562500000001
19_27,0.7766249999999999,0.75943125
20_0,0.5985437500000002,0.641175
20_1,0.6095999999999999,0.6501874999999999
20_2,0.6362062500000001,0.6585062499999998
20_3,0.6390374999999999,0.6581812499999999
20_4,0.6409437500000001,0.6579624999999999
20_5,0.6451062500000002,0.66389375
20_6,0.6454875,0.67195
20_7,0.64433125,0.678275
20_8,0.63894375,0.6869375
20_9,0.6280000000000001,0.6954937499999999
20_10,0.6207125000000001,0.7012749999999999
20_11,0.6154437500000001,0.7039375
20_12,0.6154999999999999,0.7016062499999999
20_13,0.6333375000000001,0.7018312499999999
20_14,0.6416187500000001,0.7026624999999999
20_15,0.62555625,0.70871875
20_16,0.6176750000000002,0.7137687499999998
20_17,0.6146687500000001,0.7189375
20_18,0.6127750000000001,0.7229937499999999
20_19,0.6092125000000002,0.7171562499999999
20_20,0.6069437500000001,0.7136562499999999
20_21,0.608275,0.70571875
20_22,0.6071125,0.7047187499999998
20_23,0.6102812500000001,0.6987124999999998
20_24,0.61821875,0.7047749999999999
20_25,0.6206125,0.7091749999999999
20_26,0.6271625000000001,0.7155125
20_27,0.63705625,0.71035
20_28,0.6430500000000001,0.711125
20_29,0.63070625,0.7117812499999998
20_30,0.6251187500000002,0.7135437499999999
20_31,0.6284875000000001,0.7167187499999998
20_32,0.6287125000000001,0.7117749999999999
20_33,0.6273875000000002,0.7061187499999999
20_34,0.6243312500000001,0.70599375
20_35,0.6251625000000001,0.7061687499999999
20_36,0.6237750000000002,0.7011562499999999
20_37,0.6338187500000001,0.6981999999999999
20_38,0.6516250000000001,0.7061
20_39,0.6532250000000002,0.70733125
20_40,0.6446125,0.70799375
20_41,0.6393312500000001,0.706
20_42,0.6320375,0.7066125000000001
20_43,0.6249562500000001,0.70600625
20_44,0.6096125000000001,0.7039437499999999
20_45,0.6028875000000001,0.7047249999999998
20_46,0.5984500000000001,0.7036687499999998
20_47,0.5930562500000001,0.7004937499999999
20_48,0.5933875000000002,0.7003437499999998
20_49,0.59071875,0.6983874999999999
20_50,0.589675,0.6971687499999999
20_51,0.58899375,0.6978749999999998
20_52,0.5823187500000001,0.6930999999999998
20_53,0.57505625,0.6880937499999998
20_54,0.5644437500000001,0.6878124999999999
20_55,0.525225,0.6859437499999999
20_56,0.4782875000000001,0.68255
20_57,0.45061875000000007,0.6819875
20_58,0.45355625000000005,0.6766062499999999
20_59,0.49518125000000013,0.6578875
20_60,0.49128125000000006,0.6529937499999999
20_61,0.4823500000000001,0.6479874999999999
20_62,0.4760000000000001,0.64621875
20_63,0.46806250000000005,0.6432625
20_64,0.4611312500000001,0.6432125
20_65,0.4580250000000001,0.6386624999999999
21_0,0.8520562499999998,0.7809875
21_1,0.84663125,0.7891625
21_2,0.84078125,0.7912749999999998
21_3,0.8360624999999999,0.7811625
21_4,0.8465562500000001,0.7765499999999999
21_5,0.84739375,0.7789937499999999
21_6,0.85228125,0.7777687499999999
21_7,0.8663875000000001,0.7753062499999999
21_8,0.8693312499999999,0.78410625
21_9,0.855725,0.7825562500000001
21_10,0.8589999999999999,0.7799375
21_11,0.87,0.7788187499999999
21_12,0.8729312499999999,0.77426875
21_13,0.8695499999999999,0.7824249999999999
21_14,0.8638249999999998,0.78581875
21_15,0.86900625,0.7806124999999999
21_16,0.8721125,0.7769249999999999
21_17,0.8641125,0.77910625
21_18,0.8641687499999999,0.7866
21_19,0.8676562499999999,0.7761000000000001
21_20,0.8607749999999998,0.7762125
21_21,0.8617312499999998,0.7753125000000001
21_22,0.8662124999999999,0.7734312499999999
21_23,0.8693875,0.7733687499999999
21_24,0.8725499999999999,0.77344375
21_25,0.8720937499999999,0.78149375
21_26,0.8699999999999999,0.7847625
21_27,0.8766624999999999,0.7923312499999999
21_28,0.87749375,0.7918750000000001
21_29,0.87915625,0.7897124999999998
23_0,0.6406874999999999,0.68816875
23_1,0.6514625,0.6871687499999999
23_2,0.6606687499999999,0.6673374999999999
23_3,0.6722999999999999,0.6750624999999999
23_4,0.6462875,0.68333125
23_5,0.6614,0.692675
23_6,0.6458375000000001,0.7002875
23_7,0.6424875,0.68989375
23_8,0.6327749999999999,0.692
23_9,0.62155,0.6935562500000001
23_10,0.6412249999999999,0.70005
23_11,0.6458999999999999,0.6997249999999999
23_12,0.63561875,0.6913937499999999
25_0,0.7358977272727273,0.7267670454545454
25_1,0.7394886363636364,0.7371647727272728
25_2,0.7416761363636364,0.7432784090909093
25_3,0.7448011363636364,0.7404886363636365
25_4,0.7450568181818181,0.7463125000000002
25_5,0.7496477272727273,0.7510625000000002
25_6,0.7470625,0.7577329545454548
25_7,0.7431306818181818,0.7626818181818185
25_8,0.7426250000000001,0.7744375000000001
25_9,0.7560568181818181,0.7845397727272728
25_10,0.777625,0.7923522727272729
25_11,0.7761079545454546,0.8042329545454547
25_12,0.7666704545454546,0.8047386363636366
25_13,0.7662499999999999,0.7988409090909092
25_14,0.7635284090909091,0.7906022727272728
25_15,0.7663181818181819,0.787625
25_16,0.7702670454545454,0.7886761363636365
25_17,0.7864715909090909,0.7938409090909091
25_18,0.772284090909091,0.7978863636363637
25_19,0.7730340909090909,0.7967784090909091
25_20,0.7691534090909092,0.795409090909091
25_21,0.7688409090909091,0.7952102272727273
25_22,0.7594943181818181,0.7978863636363637
25_23,0.7710625,0.8005113636363637
25_24,0.7622159090909093,0.801721590909091
25_25,0.7699488636363636,0.7994375
25_26,0.7737784090909092,0.8044545454545455
26_0,0.832775,0.7861125
26_1,0.8284375000000003,0.7927749999999998
26_2,0.8198875000000002,0.8048874999999999
28_0,0.5638312499999999,0.605775
28_1,0.56228125,0.6057250000000001
28_2,0.5613312499999998,0.60945
28_3,0.5787687499999999,0.605175
28_4,0.58810625,0.60094375
28_5,0.5885499999999999,0.5962812500000001
28_6,0.5851625,0.5944437499999999
28_7,0.59289375,0.59388125
28_8,0.5938312499999999,0.5972062499999999
28_9,0.5739000000000001,0.5859875000000001
28_10,0.5525,0.5887187500000002
28_11,0.5340999999999999,0.5880625
28_12,0.53361875,0.5971625
28_13,0.5362312499999999,0.60589375
28_14,0.5290624999999999,0.60681875
28_15,0.514875,0.6014875000000002
28_16,0.5043875,0.601275
28_17,0.5048187499999999,0.60550625
28_18,0.50364375,0.5967749999999999
28_19,0.5078125,0.59366875
28_20,0.5066999999999999,0.5917187500000001
28_21,0.506475,0.5971062500000001
28_22,0.5077562499999999,0.60726875
28_23,0.50454375,0.61404375
28_24,0.48759375000000005,0.61693125
28_25,0.49905,0.6163937500000001
28_26,0.4954375,0.62474375
28_27,0.49838125,0.6249
28_28,0.49065625,0.627
28_29,0.48153749999999995,0.62126875
28_30,0.47805624999999996,0.6175937499999999
28_31,0.46826875,0.6271062500000002
28_32,0.47705624999999996,0.6313812500000001
28_33,0.47515,0.63531875
29_0,0.7486999999999998,0.7244000000000002
29_1,0.7615999999999998,0.71801875
29_2,0.7700624999999997,0.71845625
29_3,0.7655687499999997,0.7205062500000001
29_4,0.7675062499999998,0.713875
29_5,0.7779562499999999,0.71883125
29_6,0.7802374999999998,0.7221124999999999
29_7,0.7776062499999998,0.7410625000000001
29_8,0.7584374999999999,0.740775
29_9,0.7602312499999998,0.7356125
29_10,0.7637187499999998,0.7148875000000001
29_11,0.7713437499999998,0.7059437500000001
29_12,0.7675062499999997,0.70178125
29_13,0.7520624999999999,0.69923125
29_14,0.7356687499999999,0.703675
29_15,0.7011749999999999,0.6961124999999999
29_16,0.6925062499999998,0.7005062500000001
29_17,0.67379375,0.6960000000000001
29_18,0.6472874999999998,0.6976875
29_19,0.6373937499999998,0.69945625
29_20,0.6742124999999998,0.6856750000000001
29_21,0.6603374999999998,0.694125
29_22,0.6705687499999997,0.6962250000000001
29_23,0.6462312499999998,0.6904562500000001
29_24,0.6316249999999997,0.6737312500000001
29_25,0.6224437499999997,0.6690687500000001
30_0,0.6162749999999999,0.5759937500000001
30_1,0.60383125,0.568375
30_2,0.60470625,0.56993125
30_3,0.6025999999999998,0.57105
30_4,0.6016562499999999,0.5726500000000001
30_5,0.6034937499999999,0.57354375
30_6,0.59828125,0.5767187500000001
30_7,0.5950499999999999,0.5785
30_8,0.59633125,0.5853250000000001
30_9,0.600325,0.5868249999999999
30_10,0.5984499999999999,0.58531875
30_11,0.60161875,0.58888125
30_12,0.608175,0.582275
30_13,0.6118874999999999,0.578375
30_14,0.61116875,0.57554375
30_15,0.6176062499999999,0.5748125
30_16,0.6328374999999999,0.5751999999999999
30_17,0.6420499999999999,0.57393125
30_18,0.64221875,0.5730500000000001
30_19,0.64155625,0.5701625
30_20,0.6613937499999998,0.5703812500000001
30_21,0.669225,0.5734374999999999
30_22,0.681225,0.5780124999999999
30_23,0.68983125,0.5844562499999999
30_24,0.69405,0.5895125
30_25,0.695325,0.5880749999999999
30_26,0.6998374999999999,0.5916625
30_27,0.6955749999999999,0.59366875
30_28,0.6962749999999998,0.597275
30_29,0.69705,0.5909312499999999
30_30,0.70295625,0.5984375
30_31,0.7050562499999999,0.5914375000000001
30_32,0.70389375,0.5793249999999999
30_33,0.7038812499999998,0.5664437499999999
30_34,0.6972687499999999,0.5580562499999999
30_35,0.68459375,0.5600687499999999
30_36,0.68815,0.55750625
31_0,0.64489375,0.4669500000000001
31_1,0.63050625,0.4529500000000002
31_2,0.6439,0.45983750000000007
32_0,0.5983875,0.37522500000000003
32_1,0.5874999999999999,0.37427499999999997
32_2,0.58031875,0.3704375
32_3,0.5857687499999998,0.36483125
32_4,0.5812875,0.36231875
32_5,0.5804499999999999,0.35649999999999993
32_6,0.5835687499999999,0.3662249999999999
32_7,0.58545625,0.3746562499999999
32_8,0.5850937499999999,0.38226874999999993
32_9,0.5801124999999999,0.39305
32_10,0.5756749999999999,0.39694374999999993
32_11,0.5776812499999999,0.3989937499999999
32_12,0.5846249999999998,0.40459999999999996
32_13,0.5827249999999999,0.408275
32_14,0.5822937499999999,0.40637499999999993
32_15,0.5784937499999998,0.40683749999999996
32_16,0.5739624999999999,0.4230624999999999
32_17,0.5767249999999999,0.42134375
32_18,0.5808437499999999,0.4033812499999999
32_19,0.5764624999999999,0.3997749999999999
33_0,0.6416187500000001,0.7252937500000002
33_1,0.6346187500000001,0.7352187500000003
33_2,0.6398375000000001,0.7419437500000001
33_3,0.65061875,0.7427875
33_4,0.6414437500000001,0.7429500000000002
33_5,0.6417250000000001,0.7434000000000001
33_6,0.64766875,0.7434937500000001
33_7,0.6420937500000001,0.74989375
33_8,0.6574437500000001,0.7543375000000001
33_9,0.6532375000000001,0.7613875000000002
33_10,0.6565187500000002,0.7720625000000001
33_11,0.6602750000000002,0.77620625
33_12,0.6621687500000002,0.7798812500000001
33_13,0.6613937500000001,0.77706875
33_14,0.6647250000000001,0.7754250000000001
33_15,0.65328125,0.77199375
33_16,0.6465062500000001,0.77833125
33_17,0.6586750000000001,0.7751625000000002
34_0,0.6785062499999999,0.8309374999999999
34_1,0.6790562499999999,0.8257749999999998
34_2,0.6707812499999999,0.8113249999999999
34_3,0.6814875,0.8179937499999999
34_4,0.69271875,0.8400937499999999
34_5,0.7049874999999999,0.8353687499999998
34_6,0.6977187499999999,0.84355625
34_7,0.6951624999999999,0.8404937499999998
34_8,0.68578125,0.8532812499999998
34_9,0.6941437499999998,0.8464374999999998
34_10,0.6804937499999999,0.8430499999999999
34_11,0.6841625,0.8490499999999999
34_12,0.6766062499999999,0.8568249999999997
34_13,0.68505625,0.8373312499999997
34_14,0.6786125000000001,0.8526499999999998
34_15,0.68745,0.8502625
34_16,0.6850562499999999,0.8576124999999999
34_17,0.68865625,0.8395499999999998
34_18,0.69126875,0.8521124999999997
34_19,0.7041124999999998,0.8536812499999998
34_20,0.71240625,0.8652187499999997
35_0,0.3902250000000001,0.54033125
35_1,0.3894875000000001,0.53694375
35_2,0.371325,0.5337687499999999
35_3,0.3760937500000001,0.54994375
35_4,0.36992500000000006,0.557275
35_5,0.37476875000000004,0.54644375
35_6,0.3700062500000001,0.5298812500000001
35_7,0.3714437500000001,0.5266562499999999
35_8,0.3680000000000001,0.53115625
35_9,0.36361875000000005,0.53839375
35_10,0.3555000000000001,0.537275
35_11,0.3590562500000001,0.5421624999999999
35_12,0.36078125000000005,0.54095
35_13,0.35928750000000004,0.5507187499999999
35_14,0.34349375000000004,0.5593874999999999
35_15,0.3509500000000001,0.57110625
35_16,0.341125,0.57584375
35_17,0.3418312500000001,0.584225
35_18,0.3407750000000001,0.5898937500000001
35_19,0.3435,0.58445625
35_20,0.3410687500000001,0.5913999999999999
35_21,0.34923125000000005,0.6001812499999999
35_22,0.3439562500000001,0.6065687500000001
35_23,0.3445125000000001,0.6020000000000001
35_24,0.33805625000000006,0.6094937500000001
35_25,0.3325750000000001,0.6039375
35_26,0.3183500000000001,0.6003375
35_27,0.3280187500000001,0.614725
35_28,0.31933750000000005,0.613
35_29,0.3267250000000001,0.6256187499999999
35_30,0.3244312500000001,0.6332875
35_31,0.35282500000000006,0.63599375
35_32,0.34593125000000013,0.64023125
35_33,0.3291062500000001,0.6362125000000001
35_34,0.3286000000000001,0.63871875
35_35,0.3236687500000001,0.63559375
35_36,0.33650625000000006,0.6329875
37_0,0.8116625,0.7505625
37_1,0.813275,0.75000625
37_2,0.81476875,0.75334375
37_3,0.80955625,0.7537750000000001
37_4,0.810675,0.7476750000000001
37_5,0.816175,0.7443312499999999
37_6,0.82723125,0.7463375
37_7,0.822675,0.7405499999999999
37_8,0.8251124999999999,0.74210625
37_9,0.8238812500000001,0.74504375
37_10,0.8357749999999999,0.7511562500000001
37_11,0.8289374999999999,0.7556499999999999
37_12,0.835275,0.74798125
37_13,0.82553125,0.7488125000000001
37_14,0.81876875,0.7456500000000001
37_15,0.8258875000000001,0.74970625
37_16,0.837325,0.744875
37_17,0.84176875,0.7596500000000002
37_18,0.8493250000000001,0.7565000000000002
37_19,0.8470500000000001,0.7575000000000001
37_20,0.8467187500000002,0.75721875
37_21,0.8456500000000001,0.7628375000000001
37_22,0.8439937499999999,0.7576062499999999
37_23,0.8457812499999999,0.75665625
37_24,0.8426687500000001,0.752875
37_25,0.83899375,0.7504374999999999
37_26,0.83689375,0.7619875
37_27,0.83566875,0.7637125
37_28,0.8347249999999999,0.76361875
38_0,0.8613937499999998,0.80766875
38_1,0.8601687499999998,0.79904375
38_2,0.8755562499999998,0.81993125
38_3,0.8783874999999999,0.8227750000000001
38_4,0.8851687499999998,0.82144375
38_5,0.8815062499999999,0.8254937500000001
38_6,0.8803812499999999,0.8213312500000001
38_7,0.8892749999999998,0.8141
38_8,0.8794374999999999,0.829
38_9,0.8647687499999999,0.8305125
38_10,0.8834,0.8438312500000001
38_11,0.8856687499999998,0.8345437500000001
38_12,0.8798812499999998,0.8381437500000002
38_13,0.8817687499999998,0.83060625
38_14,0.8857249999999999,0.8169312500000001
38_15,0.8902312499999998,0.83010625
38_16,0.8905062499999998,0.8494437500000002
38_17,0.8885687499999999,0.8335000000000001
38_18,0.8810624999999999,0.81105
38_19,0.8816749999999999,0.8293187500000001
38_20,0.8899624999999998,0.8354250000000001
38_21,0.8954562499999998,0.8380500000000002
38_22,0.8908499999999999,0.8360937500000001
38_23,0.8915624999999999,0.8373750000000002
39_0,0.8716704545454547,0.6603579545454545
39_1,0.8717215909090907,0.6662613636363637
39_2,0.8768806818181818,0.6675738636363636
39_3,0.8832443181818181,0.66875
39_4,0.8750511363636363,0.6744375
39_5,0.8699034090909091,0.6727329545454545
39_6,0.8684829545454544,0.6682897727272726
39_7,0.8594943181818182,0.6674261363636362
39_8,0.8494602272727272,0.6667102272727272
39_9,0.8569659090909093,0.6659999999999999
39_10,0.8549886363636364,0.6615170454545454
39_11,0.8695852272727274,0.6477215909090908
39_12,0.8693920454545455,0.6467272727272727
39_13,0.8677329545454546,0.6473238636363635
39_14,0.8664772727272728,0.6479318181818183
39_15,0.8643579545454545,0.6549147727272727
39_16,0.8663636363636364,0.6552045454545454
39_17,0.8672272727272727,0.6519204545454546
39_18,0.8749545454545455,0.647721590909091
39_19,0.8702613636363635,0.6500909090909092
39_20,0.8726306818181818,0.6472045454545454
39_21,0.8718693181818182,0.6462613636363637
39_22,0.8745454545454545,0.6509034090909089
39_23,0.875193181818182,0.6462159090909092
39_24,0.8707443181818182,0.6193465909090909
39_25,0.8681818181818182,0.6236420454545455
39_26,0.8692840909090909,0.6193863636363637
39_27,0.8691363636363636,0.6137386363636363
39_28,0.8598522727272727,0.6079886363636364
40_0,0.43266875,0.63071875
40_1,0.42833124999999994,0.616225
40_2,0.4143812499999999,0.6077874999999999
40_3,0.4029999999999999,0.6125624999999999
40_4,0.3830625,0.6304999999999998
40_5,0.36048125,0.6457249999999999
40_6,0.3641124999999999,0.639175
40_7,0.3590875,0.6358874999999999
40_8,0.37603749999999997,0.629225
40_9,0.37916874999999994,0.63766875
40_10,0.381125,0.6538375000000001
40_11,0.3943875,0.65524375
40_12,0.40744375,0.6480062499999999
40_13,0.41573125,0.6470062499999999
40_14,0.41325624999999994,0.6530625
40_15,0.40531875,0.659725
40_16,0.38671875,0.6585124999999998
40_17,0.36905,0.6521812499999999
40_18,0.3688187499999999,0.6461250000000001
40_19,0.3548999999999999,0.6562749999999999
40_20,0.3437875,0.6663999999999999
40_21,0.3488874999999999,0.6680562499999999
42_0,0.769325,0.61373125
42_1,0.7636000000000001,0.6139999999999999
42_2,0.7671625,0.61416875
42_3,0.7639937499999999,0.6177062499999999
42_4,0.76905625,0.6080874999999999
42_5,0.7726,0.60915
42_6,0.783825,0.6058875
42_7,0.7714812499999999,0.605325
42_8,0.7776125,0.5971624999999999
42_9,0.7754375,0.62443125
42_10,0.7741,0.60738125
42_11,0.7686062499999999,0.59965
42_12,0.77493125,0.59784375
42_13,0.7650125,0.5981124999999999
42_14,0.76449375,0.6030499999999999
42_15,0.76976875,0.60104375
42_16,0.7782125,0.605775
42_17,0.7779999999999998,0.605225
42_18,0.7691062499999999,0.6071
42_19,0.7566124999999999,0.6125687499999999
42_20,0.7649812499999998,0.6062812499999999
42_21,0.7700500000000001,0.5986624999999999
42_22,0.781225,0.59311875
42_23,0.7781687500000001,0.6134062499999999
42_24,0.7659437500000001,0.5982749999999999
42_25,0.7652187500000001,0.6
42_26,0.7821062499999999,0.6032249999999999
42_27,0.7883249999999999,0.6112187499999999
42_28,0.78376875,0.6115625
42_29,0.7840625,0.6045562499999999
42_30,0.7839437500000002,0.61434375
42_31,0.7804374999999999,0.6088374999999999
43_0,0.8686687499999999,0.7879437500000002
43_1,0.8487750000000001,0.7911125000000001
43_2,0.8623375,0.8018812500000001
43_3,0.8528874999999999,0.80926875
43_4,0.8699375,0.82260625
43_5,0.8848312499999998,0.8217125000000001
43_6,0.88654375,0.81711875
43_7,0.8797124999999999,0.81488125
43_8,0.8856124999999999,0.8197125
43_9,0.88973125,0.8152125000000001
43_10,0.8936124999999999,0.8143375
43_11,0.8891,0.8083312500000002
43_12,0.8826124999999998,0.7926000000000001
43_13,0.8888937499999999,0.8024937500000001
43_14,0.8965187499999998,0.8052249999999999
43_15,0.8966687499999999,0.8082874999999999
43_16,0.8860625,0.8002750000000001
43_17,0.8796687499999998,0.8022187500000002
43_18,0.88849375,0.7942250000000002
43_19,0.8689312499999999,0.7851062500000001
43_20,0.8462062499999998,0.7733812500000001
43_21,0.8177749999999999,0.7827062499999999
43_22,0.8281625,0.7812875000000001
43_23,0.8114375,0.78128125
43_24,0.7975062500000001,0.7835562500000001
44_0,0.7041687499999999,0.6875187499999997
44_1,0.70318125,0.6852249999999998
44_2,0.7057374999999999,0.6810124999999999
44_3,0.7009562499999998,0.6829062499999998
44_4,0.7001187499999999,0.6822374999999998
44_5,0.700275,0.6886749999999999
44_6,0.6965562499999999,0.6929562499999998
44_7,0.7017249999999999,0.6975124999999999
44_8,0.6930187499999998,0.6935125
44_9,0.7122249999999999,0.6916187499999998
44_10,0.7161062499999999,0.6942312499999999
44_11,0.6953874999999998,0.6905562499999999
44_12,0.7128437499999999,0.6992749999999999
44_13,0.7163312499999999,0.6994562499999997
44_14,0.7031249999999999,0.7037874999999998
44_15,0.7072812499999999,0.7008874999999999
44_16,0.7110062499999998,0.7029562499999998
44_17,0.7116125,0.7025562499999998
44_18,0.6950562499999999,0.7031687499999999
44_19,0.7109312499999998,0.7105562499999998
44_20,0.7074437499999999,0.7123374999999998
44_21,0.6965624999999999,0.7133374999999998
44_22,0.7048937499999999,0.7057249999999999
44_23,0.7098874999999999,0.7118249999999999
44_24,0.69694375,0.71428125
44_25,0.7001062499999999,0.7151812499999998
44_26,0.7118875,0.71600625
44_27,0.70016875,0.7154437499999998
44_28,0.6970062499999998,0.7118937499999998
44_29,0.7048874999999999,0.7087374999999998
44_30,0.7125562499999999,0.7098937499999998
44_31,0.6906062499999999,0.7101562499999998
44_32,0.7021624999999999,0.7075499999999998
44_33,0.7101062499999999,0.7070624999999998
44_34,0.70366875,0.7071812499999999
44_35,0.7000625,0.7009937499999997
44_36,0.70026875,0.6977812499999998
44_37,0.69821875,0.7049999999999998
44_38,0.70265625,0.7011124999999997
44_39,0.6986749999999999,0.6922249999999999
44_40,0.7068875,0.6920124999999999
44_41,0.7051,0.6928312499999999
44_42,0.70128125,0.6966187499999998
44_43,0.7063312499999999,0.6951687499999999
44_44,0.7110124999999998,0.691225
46_0,0.79669375,0.56661875
46_1,0.8002125,0.57211875
46_2,0.80204375,0.56261875
46_3,0.806825,0.5664437499999999
46_4,0.7987687499999999,0.572875
46_5,0.80515625,0.5689437499999999
46_6,0.80094375,0.56421875
46_7,0.7957812500000001,0.55960625
46_8,0.8009312500000001,0.565725
46_9,0.7987124999999999,0.565225
46_10,0.7949375,0.560775
46_11,0.8004875,0.5682125
46_12,0.79615625,0.56956875
46_13,0.79631875,0.5635625
46_14,0.8099375,0.56078125
46_15,0.80145,0.5656125
46_16,0.81156875,0.5727125
46_17,0.82189375,0.56909375
46_18,0.8180062499999999,0.556875
46_19,0.8262312500000001,0.5661562499999999
46_20,0.8175625,0.5634375
46_21,0.8197375,0.564325
46_22,0.82240625,0.5681562499999999
46_23,0.8237375,0.57338125
46_24,0.82111875,0.5744375
46_25,0.8147875,0.5614937500000001
46_26,0.820725,0.552275
46_27,0.8153375,0.56111875
46_28,0.8182437499999999,0.56908125
46_29,0.8160624999999999,0.5563562500000001
47_0,0.3787875,0.42655625
47_1,0.40651250000000005,0.44338750000000005
47_2,0.40306875,0.45781875000000005
47_3,0.406125,0.45621875
47_4,0.410675,0.44940625
47_5,0.4061625,0.44999375
47_6,0.39639375,0.45438125000000007
47_7,0.40515,0.4506875
47_8,0.40759374999999987,0.44590625
47_9,0.41720625,0.4536125
47_10,0.4151499999999999,0.4589500000000002
47_11,0.38938125,0.45884375
47_12,0.38359375,0.44478125
47_13,0.4044937499999999,0.43373125
47_14,0.40500624999999996,0.4309375000000001
47_15,0.39493750000000005,0.4276625
47_16,0.37933124999999995,0.41983125
47_17,0.37395,0.42199374999999995
47_18,0.3708437499999999,0.43171875
47_19,0.3692875,0.44844375000000003
47_20,0.35794374999999995,0.44744375000000014
48_0,0.76345,0.8357187500000001
48_1,0.7702375,0.81095
48_2,0.7796124999999999,0.82660625
48_3,0.77733125,0.8313124999999999
48_4,0.76905,0.8391625
48_5,0.77071875,0.8324437499999999
48_6,0.7566187499999999,0.8290500000000001
48_7,0.73350625,0.8351
48_8,0.7442312499999999,0.8392187500000001
48_9,0.7455562499999999,0.8446
48_10,0.7504562499999999,0.85611875
48_11,0.7558437499999999,0.84460625
48_12,0.7460499999999999,0.84565625
48_13,0.740775,0.8520562500000001
48_14,0.7437812499999998,0.8597187500000001
48_15,0.74038125,0.85706875
48_16,0.7413875000000001,0.862125
48_17,0.74549375,0.85699375
49_0,0.80144375,0.7374499999999999
49_1,0.8032187500000001,0.7452249999999999
49_2,0.80104375,0.7491749999999999
49_3,0.8061625000000001,0.75345
49_4,0.80715,0.7676749999999999
49_5,0.809375,0.7788937499999999
49_6,0.80899375,0.7684062499999998
49_7,0.8056625,0.7641812499999998
49_8,0.80994375,0.7577437499999999
49_9,0.8027375,0.75106875
49_10,0.7986375000000001,0.7362312499999999
49_11,0.80135625,0.7331687499999999
49_12,0.7990125000000001,0.7442749999999998
49_13,0.7992312500000001,0.7384937499999998
49_14,0.8042875,0.7446624999999998
49_15,0.8102875,0.7438249999999998
49_16,0.8140000000000002,0.7571499999999999
49_17,0.8121625,0.7409874999999999
49_18,0.81099375,0.7397624999999999
50_0,0.8225125000000002,0.6082750000000001
50_1,0.819725,0.60578125
50_2,0.821725,0.6098375
50_3,0.8182375000000002,0.6106750000000001
50_4,0.8261812500000001,0.6121687500000002
50_5,0.8356250000000001,0.6147750000000001
50_6,0.8412875000000001,0.6074812500000001
50_7,0.8365687500000001,0.59460625
50_8,0.8381812500000001,0.5916062500000001
50_9,0.8354375,0.59040625
50_10,0.8351625,0.5936125000000001
50_11,0.83216875,0.6050562500000001
50_12,0.8358875,0.6089000000000002
50_13,0.84094375,0.6005125000000001
50_14,0.8455000000000001,0.6015625000000002
50_15,0.84545625,0.6032250000000001
50_16,0.8356250000000003,0.6131250000000001
50_17,0.835125,0.6151875000000001
51_0,0.8108749999999999,0.750725
51_1,0.8306625,0.7501125
51_2,0.8359374999999998,0.7507187499999999
51_3,0.8244499999999998,0.7487874999999999
51_4,0.8410999999999998,0.7542374999999999
51_5,0.8353312499999999,0.7445625
52_0,0.5738125000000001,0.5147937499999999
52_1,0.58799375,0.50495
52_2,0.59155625,0.511225
52_3,0.57583125,0.50495
52_4,0.5946562500000001,0.5047125000000001
52_5,0.6151062500000001,0.4941749999999999
52_6,0.641275,0.4940125000000001
52_7,0.644175,0.5115625
52_8,0.6232937500000001,0.5109312500000001
52_9,0.6142062500000001,0.5047250000000001
52_10,0.6122625,0.5070062500000001
52_11,0.6129437500000001,0.48840000000000006
52_12,0.6134312500000001,0.48384375
52_13,0.6056625,0.4867250000000001
52_14,0.6148437500000001,0.4688375
52_15,0.607,0.47089375000000006
54_0,0.8215624999999998,0.7584999999999998
54_1,0.8244,0.7600562499999999
54_2,0.8282312499999999,0.7658437499999999
54_3,0.82755625,0.7728437499999998
54_4,0.834625,0.76695
54_5,0.8423437499999998,0.7639437499999999
54_6,0.8558874999999999,0.770775
54_7,0.8700562499999998,0.7729999999999999
54_8,0.87250625,0.77534375
54_9,0.8840687499999997,0.7809499999999999
54_10,0.8846125,0.7835625
54_11,0.88411875,0.7963437499999999
54_12,0.8899562499999998,0.7998437500000001
54_13,0.8976249999999999,0.802125
55_0,0.65268125,0.4332625
55_1,0.6499625000000001,0.4258875
55_2,0.62956875,0.42633125
55_3,0.614125,0.4187187499999999
55_4,0.60824375,0.42293124999999987
55_5,0.62074375,0.4250624999999999
55_6,0.6159062500000001,0.43354374999999995
55_7,0.61078125,0.4325
55_8,0.60755625,0.42739374999999996
55_9,0.604175,0.4204624999999999
55_10,0.6071125,0.41933124999999993
55_11,0.6081500000000001,0.429175
55_12,0.6083937500000001,0.41989375000000007
55_13,0.605225,0.41516875
55_14,0.5977875,0.4055
55_15,0.5945,0.4011125
55_16,0.5923875000000001,0.4009937499999999
55_17,0.594725,0.40062499999999995
56_0,0.40671250000000003,0.25066875
56_1,0.413725,0.26379374999999994
56_2,0.43844375,0.2648062499999999
56_3,0.44460000000000005,0.26000625
56_4,0.42071875000000003,0.25226875
56_5,0.424725,0.25178124999999996
56_6,0.4439437500000001,0.2638375
56_7,0.42783125,0.27644374999999993
56_8,0.4132187500000001,0.275
56_9,0.42199375,0.2610125
56_10,0.4426375,0.251675
56_11,0.44455625000000004,0.26634375
56_12,0.43395000000000006,0.26916874999999996
57_0,0.4504875,0.36588125
57_1,0.46005000000000007,0.38204375
57_2,0.46510000000000007,0.37370625
57_3,0.46121875,0.37125625
57_4,0.47115625,0.36025625
57_5,0.47748125,0.35504375
57_6,0.48048124999999997,0.3426
57_7,0.47409375,0.34676874999999996
57_8,0.46553749999999994,0.35306249999999995
57_9,0.474775,0.33764999999999995
57_10,0.48325624999999994,0.3410937499999999
57_11,0.48732500000000006,0.350475
57_12,0.4924375,0.35175625
57_13,0.4972125,0.35748749999999996
57_14,0.5139312500000001,0.34593125
57_15,0.5157125,0.34538125
57_16,0.49349999999999994,0.34138125
57_17,0.49250625000000003,0.33966874999999996
57_18,0.504225,0.35210624999999995
57_19,0.49575625,0.33516875
57_20,0.4902312500000001,0.3534437499999999
57_21,0.5011125000000001,0.36110624999999985
57_22,0.4905562499999999,0.36049999999999993
57_23,0.491275,0.35194375
57_24,0.5162125,0.35821875000000003
57_25,0.5019375,0.345725
57_26,0.50794375,0.3458312499999999
57_27,0.51039375,0.35433125
57_28,0.5016687500000001,0.35039374999999995
57_29,0.50305625,0.35461875
57_30,0.5060437499999999,0.35489375
57_31,0.5075000000000001,0.3446125
57_32,0.5067187500000001,0.36571875
57_33,0.5158875,0.364
58_0,0.3924875,0.4256625
58_1,0.40365625,0.40707499999999985
58_2,0.39138125,0.42073124999999995
58_3,0.4075,0.40349999999999997
58_4,0.39055625,0.40578125
58_5,0.3897875,0.38311874999999995
58_6,0.37654375,0.39537500000000003
58_7,0.368675,0.3747187499999999
58_8,0.3745,0.3775562499999999
58_9,0.35714999999999997,0.35871874999999986
58_10,0.32785,0.35104999999999986
58_11,0.31466249999999996,0.33377499999999993
58_12,0.3160625,0.33838124999999997
58_13,0.3198375,0.32331875
58_14,0.32171875,0.3115
58_15,0.3063375,0.3068249999999999
58_16,0.29446249999999996,0.30736249999999987
58_17,0.27574374999999995,0.30492499999999995
58_18,0.27318125000000004,0.30205624999999997
58_19,0.26524375000000006,0.3102687499999999
58_20,0.27641249999999995,0.29765624999999996
58_21,0.2623125,0.2961999999999999
58_22,0.2709125,0.2856
58_23,0.26446250000000004,0.29938750000000003
58_24,0.2814,0.28172499999999995
58_25,0.257525,0.30731875
58_26,0.283375,0.2856124999999999
58_27,0.26385000000000003,0.29881875
58_28,0.2765249999999999,0.26693124999999995
58_29,0.26085,0.27658125
58_30,0.2789125,0.2553187499999999
58_31,0.27396875,0.267875
58_32,0.287625,0.24304999999999993
58_33,0.275175,0.25188749999999993
58_34,0.28183125,0.23533125
58_35,0.28126249999999997,0.23994374999999996
58_36,0.28398124999999996,0.2384375
58_37,0.27849999999999997,0.2393812499999999
58_38,0.27699375000000004,0.2283875
58_39,0.2827624999999999,0.2232249999999999
59_0,0.5923250000000001,0.5962312500000001
59_1,0.6010500000000001,0.6024875000000001
59_2,0.5977062500000001,0.60386875
59_3,0.5978875000000001,0.59716875
59_4,0.59773125,0.6006687500000001
59_5,0.5901125,0.6060437500000002
59_6,0.5956250000000001,0.6110500000000001
59_7,0.5972875,0.6025437500000002
59_8,0.60250625,0.6026125000000002
59_9,0.6037312499999999,0.6136250000000001
59_10,0.6016375,0.6110562500000001
59_11,0.6116125000000001,0.5984375000000001
59_12,0.61995,0.6073875
